{"name":"a5e6f996-4b30-4448-95ce-120f8d1a5632","id":"/providers/Microsoft.Flow/flows/a5e6f996-4b30-4448-95ce-120f8d1a5632","type":"Microsoft.Flow/flows","properties":{"apiId":"/providers/Microsoft.PowerApps/apis/shared_logicflows","displayName":"Outlook calendar - Microsoft Teams Buffer Time","definition":{"metadata":{"workflowEntityId":null,"processAdvisorMetadata":null,"flowChargedByPaygo":null,"flowclientsuspensionreason":"None","flowclientsuspensiontime":null,"flowclientsuspensionreasondetails":null,"creator":{"id":"981dffe4-d5c6-4fc1-8109-5a12ea39a4af","type":"User","tenantId":"bfaa46b4-822d-4bd6-82f2-397bbc569c94"},"provisioningMethod":"FromDefinition","failureAlertSubscription":true,"clientLastModifiedTime":"2024-07-18T10:25:42.7841853Z","connectionKeySavedTimeKey":"2024-07-18T10:25:30.6503393Z"},"$schema":"https://schema.management.azure.com/providers/Microsoft.Logic/schemas/2016-06-01/workflowdefinition.json#","contentVersion":"1.0.0.0","parameters":{"$authentication":{"defaultValue":{},"type":"SecureObject"},"$connections":{"defaultValue":{},"type":"Object"}},"triggers":{"When_a_new_event_is_created_(V3)":{"recurrence":{"frequency":"Minute","interval":1},"splitOn":"@triggerOutputs()?['body/value']","metadata":{"operationMetadataId":"65bc454f-aa64-4dd6-b635-d4b2e7202e7b"},"type":"OpenApiConnection","inputs":{"parameters":{"table":"AAMkAGVmMjUzYjk0LWQ0NDctNGI2YS1hYTdiLTczYjJjZWM5ZTI3NgBGAAAAAADaocZ4oU7aQqXev6J8zetABwAR9K5c847kTZz3DPc3Jqo6AAAAAAEGAAAR9K5c847kTZz3DPc3Jqo6AAAFSL_PAAA="},"host":{"apiId":"/providers/Microsoft.PowerApps/apis/shared_office365","connectionName":"shared_office365","operationId":"CalendarGetOnNewItemsV3"},"authentication":"@parameters('$authentication')"},"conditions":[{"expression":"@Equals(triggerOutputs()?['body/showAs'], 'busy')"}]}},"actions":{"Create_event_(V4)_-_Microsoft_Teams_Buffer_Time":{"runAfter":{"Buffer_duration":["Succeeded"]},"metadata":{"operationMetadataId":"c1105a27-5ed7-4a4e-af8b-349f76aef46e"},"type":"OpenApiConnection","inputs":{"parameters":{"table":"AAMkAGVmMjUzYjk0LWQ0NDctNGI2YS1hYTdiLTczYjJjZWM5ZTI3NgBGAAAAAADaocZ4oU7aQqXev6J8zetABwAR9K5c847kTZz3DPc3Jqo6AAAAAAEGAAAR9K5c847kTZz3DPc3Jqo6AAAFSL_PAAA=","item/subject":"Buffer time \"@{triggerOutputs()?['body/subject']}\"","item/start":"@triggerOutputs()?['body/end']","item/end":"@addMinutes(triggerOutputs()?['body/end'],variables('Buffer duration'))","item/timeZone":"@triggerOutputs()?['body/timeZone']"},"host":{"apiId":"/providers/Microsoft.PowerApps/apis/shared_office365","connectionName":"shared_office365","operationId":"V4CalendarPostItem"},"authentication":"@parameters('$authentication')"}},"Buffer_duration":{"runAfter":{},"metadata":{"operationMetadataId":"8397c35c-2320-4943-8fff-a2950f08ad85"},"type":"InitializeVariable","inputs":{"variables":[{"name":"Buffer duration","type":"integer","value":15}]},"description":"Time in minutes"}}},"connectionReferences":{"shared_office365":{"connectionName":"3dce0824000a424ab6e2bd51f8b933a7","source":"Embedded","id":"/providers/Microsoft.PowerApps/apis/shared_office365","tier":"NotSpecified"}},"flowFailureAlertSubscribed":false,"isManaged":false}}